<?xml version="1.0" encoding="ISO-8859-1" standalone="yes" ?>
<tree path="client" ver="1.0" Makefile="Makefile.xml" >
 <dir name="3d">
  <source name="2d_view_class" ext=".cpp"  />
  <header name="2d_view_class" ext=".h"  />
  <source name="3d_view_class" ext=".cpp"  />
  <header name="3d_view_class" ext=".h"  />
  <dir name="animation">
   <source name="animations" ext=".cpp"  />
   <header name="animations" ext=".h"  />
   <source name="basicanimation" ext=".cpp"  />
   <header name="basicanimation" ext=".h"  />
   <source name="basicanimationdata" ext=".cpp"  />
   <header name="basicanimationdata" ext=".h"  />
   <source name="complexanimation" ext=".cpp"  />
   <header name="complexanimation" ext=".h"  />
   <source name="complexanimationdata" ext=".cpp"  />
   <header name="complexanimationdata" ext=".h"  />
   <source name="defs" ext=".cpp"  />
   <header name="defs" ext=".h"  />
   <source name="posanimationdata" ext=".cpp"  />
   <header name="posanimationdata" ext=".h"  />
   <source name="rotanimationdata" ext=".cpp"  />
   <header name="rotanimationdata" ext=".h"  />
   <source name="sclanimationdata" ext=".cpp"  />
   <header name="sclanimationdata" ext=".h"  />
  </dir>
  <dir name="cndb">
   <source name="3d_view" ext=".cpp"  />
   <header name="3d_view" ext=".h"  />
   <dir name="GL">
    <header name="gl" ext=".h"  />
    <header name="glext" ext=".h"  />
    <header name="glprocs" ext=".h"  />
    <header name="glxext" ext=".h"  />
    <header name="wglext" ext=".h"  />
   </dir>
   <source name="accessor" ext=".cpp"  />
   <header name="accessor" ext=".h"  />
   <source name="light" ext=".cpp"  />
   <header name="light" ext=".h"  />
   <source name="material" ext=".cpp"  />
   <header name="material" ext=".h"  />
   <source name="mesh" ext=".cpp"  />
   <header name="mesh" ext=".h"  />
   <source name="mesh_primitives" ext=".cpp"  />
   <source name="model" ext=".cpp"  />
   <header name="model" ext=".h"  />
   <source name="roam" ext=".cpp"  />
   <header name="roam" ext=".h"  />
   <source name="scene" ext=".cpp"  />
   <header name="scene" ext=".h"  />
   <source name="state" ext=".cpp"  />
   <header name="state" ext=".h"  />
   <source name="texparam" ext=".cpp"  />
   <header name="texparam" ext=".h"  />
   <source name="viewpoint" ext=".cpp"  />
   <header name="viewpoint" ext=".h"  />
  </dir>
  <header name="common" ext=".h"  />
  <header name="conv_prop" ext=".h"  />
  <source name="conv_struct" ext=".cpp"  />
  <header name="conv_struct" ext=".h"  />
  <source name="data_accessor" ext=".cpp"  />
  <header name="data_accessor" ext=".h"  />
  <source name="loader" ext=".cpp"  />
  <header name="loader" ext=".h"  />
  <header name="messages" ext=".h"  />
  <header name="specs" ext=".h"  />
  <source name="specs_opengl" ext=".cpp"  />
  <header name="specs_opengl" ext=".h"  />
  <header name="state_class" ext=".h"  />
  <source name="template_3d_view" ext=".cpp"  />
  <header name="template_3d_view" ext=".h"  />
  <source name="template_state" ext=".cpp"  />
  <header name="template_state" ext=".h"  />
  <source name="texture" ext=".cpp"  />
  <header name="texture" ext=".h"  />
  <header name="viewpoint" ext=".h"  />
 </dir>
 <header name="3d" ext=".h"  />
 <dir name="Bin_DevNoSrv">
 </dir>
 <dir name="Test___Win32_Debug_wo_sound">
 </dir>
 <dir name="Test___Win32_Devel_NoSrv_DLL0">
 </dir>
 <dir name="Test___Win32_TestRelease">
 </dir>
 <dir name="WIN">
  <header name="pthread" ext=".h"  />
 </dir>
 <header name="cnedra" ext=".h"  />
 <header name="config.win" ext=".h"  />
 <dir name="dat">
  <dir name="eglise.3ds.dat">
  </dir>
  <dir name="poypoy.3ds.dat">
  </dir>
 </dir>
 <dir name="genprog">
  <dir name="alea">
   <source name="alea" ext=".cpp"  />
   <header name="alea" ext=".h"  />
  </dir>
  <dir name="bmp">
   <source name="bmploader" ext=".cpp"  />
   <header name="bmploader" ext=".h"  />
  </dir>
  <dir name="direct">
   <source name="acc" ext=".cpp"  />
   <source name="direct" ext=".cpp"  />
   <header name="direct" ext=".h"  />
   <source name="png_reader" ext=".cpp"  />
  </dir>
  <dir name="logs">
   <dir name="activitylog">
    <header name="activitylog" ext=".h"  />
    <source name="main" ext=".cpp"  />
    <header name="myactivitylog" ext=".h"  />
   </dir>
   <header name="logs" ext=".h"  />
   <source name="main" ext=".cpp"  />
   <source name="memory" ext=".cpp"  />
   <header name="memory" ext=".h"  />
   <source name="mylogs" ext=".cpp"  />
   <header name="mylogs" ext=".h"  />
   <source name="test" ext=".cpp"  />
  </dir>
  <dir name="parseur">
   <source name="parse" ext=".cpp"  />
   <header name="parse" ext=".h"  />
   <source name="testparse" ext=".cpp"  />
  </dir>
  <dir name="pixmap">
   <source name="pixmap" ext=".cpp"  />
   <header name="pixmap" ext=".h"  />
  </dir>
  <dir name="seamtex">
   <source name="seamtex" ext=".cpp"  />
  </dir>
  <dir name="socket">
   <source name="C_CN_Socket" ext=".cpp"  />
   <header name="C_CN_Socket" ext=".h"  />
   <source name="C_MsgSocket" ext=".cpp"  />
   <header name="C_MsgSocket" ext=".h"  />
   <source name="C_Priority" ext=".cpp"  />
   <header name="C_Priority" ext=".h"  />
   <source name="C_Socket" ext=".cpp"  />
   <header name="C_Socket" ext=".h"  />
   <header name="game_message" ext=".h"  />
   <source name="game_message_functions" ext=".cpp"  />
   <header name="game_message_functions" ext=".h"  />
  </dir>
  <dir name="timer">
   <source name="main" ext=".cpp"  />
   <source name="mytimer" ext=".cpp"  />
   <header name="mytimer" ext=".h"  />
   <header name="timer" ext=".h"  />
  </dir>
  <dir name="types">
   <source name="clamp" ext=".cpp"  />
   <header name="clamp" ext=".h"  />
   <source name="euler" ext=".cpp"  />
   <header name="euler" ext=".h"  />
   <source name="hvect" ext=".cpp"  />
   <header name="hvect" ext=".h"  />
   <source name="matrix" ext=".cpp"  />
   <header name="matrix" ext=".h"  />
   <source name="positioning" ext=".cpp"  />
   <header name="positioning" ext=".h"  />
   <source name="quat_positioning" ext=".cpp"  />
   <header name="quat_positioning" ext=".h"  />
   <source name="quaternion" ext=".cpp"  />
   <header name="quaternion" ext=".h"  />
   <source name="types" ext=".cpp"  />
   <header name="types" ext=".h"  />
   <source name="vector" ext=".cpp"  />
   <header name="vector" ext=".h"  />
  </dir>
 </dir>
 <dir name="interf">
  <source name="button" ext=".cpp"  />
  <header name="button" ext=".h"  />
  <source name="cninterf" ext=".cpp"  />
  <header name="cninterf" ext=".h"  />
  <source name="component" ext=".cpp"  />
  <header name="component" ext=".h"  />
  <header name="components" ext=".h"  />
  <source name="container" ext=".cpp"  />
  <header name="container" ext=".h"  />
  <source name="gluttext" ext=".cpp"  />
  <header name="gluttext" ext=".h"  />
  <source name="interf" ext=".cpp"  />
  <header name="interf" ext=".h"  />
  <source name="liste" ext=".cpp"  />
  <header name="liste" ext=".h"  />
  <source name="main" ext=".cpp"  />
  <source name="saxconfig" ext=".cpp"  />
  <header name="saxconfig" ext=".h"  />
  <source name="saxhandlers" ext=".cpp"  />
  <header name="saxhandlers" ext=".h"  />
  <source name="staticimg" ext=".cpp"  />
  <header name="staticimg" ext=".h"  />
  <source name="test" ext=".cpp"  />
  <header name="texture" ext=".h"  />
  <source name="treelist" ext=".cpp"  />
  <header name="treelist" ext=".h"  />
  <source name="util" ext=".cpp"  />
  <header name="util" ext=".h"  />
  <source name="window" ext=".cpp"  />
  <header name="window" ext=".h"  />
 </dir>
 <header name="interface" ext=".h"  />
 <source name="main" ext=".cpp"  />
 <source name="main_moteur" ext=".cpp"  />
 <dir name="moteur">
  <source name="C_CConfig" ext=".cpp"  />
  <header name="C_CConfig" ext=".h"  />
  <source name="C_CWorld" ext=".cpp"  />
  <header name="C_CWorld" ext=".h"  />
  <source name="C_ClientRequest" ext=".cpp"  />
  <header name="C_ClientRequest" ext=".h"  />
  <source name="MTR_Collision" ext=".cpp"  />
  <header name="MTR_Collision" ext=".h"  />
  <source name="MTR_Landscape" ext=".cpp"  />
  <header name="MTR_Landscape" ext=".h"  />
  <source name="MTR_Object" ext=".cpp"  />
  <header name="MTR_Object" ext=".h"  />
  <source name="MTR_World" ext=".cpp"  />
  <header name="MTR_World" ext=".h"  />
  <header name="World" ext=".h"  />
  <source name="client_tcp" ext=".cpp"  />
  <header name="client_tcp" ext=".h"  />
  <header name="clientdef" ext=".h"  />
  <header name="handle_msg" ext=".h"  />
  <source name="myhandle_msg" ext=".cpp"  />
  <header name="myhandle_msg" ext=".h"  />
  <source name="world_main" ext=".cpp"  />
 </dir>
 <source name="mycnedra" ext=".cpp"  />
 <header name="mycnedra" ext=".h"  />
 <source name="register" ext=".cpp"  />
 <dir name="root">
  <source name="cnedrarootwindow" ext=".cpp"  />
  <header name="cnedrarootwindow" ext=".h"  />
  <source name="root_cngl" ext=".cpp"  />
  <header name="root_cngl" ext=".h"  />
  <header name="root_keys" ext=".h"  />
  <source name="root_sdl" ext=".cpp"  />
  <header name="root_sdl" ext=".h"  />
  <source name="rootwindow" ext=".cpp"  />
  <header name="rootwindow" ext=".h"  />
 </dir>
 <dir name="sound">
  <source name="main" ext=".cpp"  />
  <source name="mysound" ext=".cpp"  />
  <header name="mysound" ext=".h"  />
  <header name="sound" ext=".h"  />
 </dir>
</tree>
