<?xml version='1.0' encoding="ISO-8859-1" ?>
<Makefile>
<!-- 
  This Makefile.xml is intended to be used with the stylesheet dsp.xml.
  It is built to generate a .dsp outside Visual Studio, with
   the appropriate most common options (files, librairies,...)

  Warnings :
   - .dsp files are very sensitives, any formating error will be fatal
   - only a few options are supported here
   - this is a very testing version
    
  How to use : 
   - for options, create the .dsp you want in Visual Studio, and copy the generated lines there
   - generate a tree.xml file, by hand or using xmlTree.py (see my website)
   - generate the .dsp file with dsp.xsl : 
       xsltproc -o test.dsp dsp.xsl Makefile.xml

  see http://www.via.ecp.fr/~remi/prog/dsp/dsp_en.php3 for more information
  (c) 2003 - R�mi Peyronnet <remi.peyronnet@via.ecp.fr>
-->
 <ProjectName>OpenOffice</ProjectName>
 <TargetType>"Win32 (x86) Application" 0x0101</TargetType>
 <Roots>
 <!--
   <Root name="Sources" types="source" basepath="" tree="tree.xml" />
   <Root name="Headers" types="header" basepath="" tree="tree.xml"  />
 -->
   <Root name="Files" types="file" basepath="" tree="tree.xml" />
 </Roots>
 <!--
  As it seems mandatory ' - Win32' will be put in the TargetName
  The resulting Target Name will be '<ProjectName> - Win32 <Target name="">'
  Custom builds are not supported.
 -->
 <Targets>
   <Current name="Debug" />
   <Common>
   </Common>
   <Target name="Debug">
       <OutputDir>Bin</OutputDir>
       <Debug>1</Debug>
       <CppOptions>
         <GeneralOptions>/nologo /W3 /Gm /GX /ZI /Od /YX /FD /GZ /c</GeneralOptions>
         <Defines>/D "WIN32" /D "_DEBUG" /D "_WINDOWS" /D "_MBCS"</Defines>
       </CppOptions>
       <LinkOptions>
         <GeneralOptions>/nologo /subsystem:windows /debug /machine:I386 /pdbtype:sept</GeneralOptions>
         <Librairies>kernel32.lib user32.lib gdi32.lib winspool.lib comdlg32.lib advapi32.lib shell32.lib ole32.lib oleaut32.lib uuid.lib odbc32.lib odbccp32.lib</Librairies>
       </LinkOptions>
   </Target>
   <Target name="Release">
       <OutputDir>Bin</OutputDir>
       <Debug>0</Debug>
       <CppOptions>
         <GeneralOptions>/nologo /W3 /GX /O2 /YX /FD /c</GeneralOptions>
         <Defines>/D "WIN32" /D "NDEBUG" /D "_WINDOWS" /D "_MBCS"</Defines>
       </CppOptions>
       <LinkOptions>
         <GeneralOptions>/nologo /subsystem:windows /machine:I386</GeneralOptions>
         <Librairies>kernel32.lib user32.lib gdi32.lib winspool.lib comdlg32.lib advapi32.lib shell32.lib ole32.lib oleaut32.lib uuid.lib odbc32.lib odbccp32.lib</Librairies>
       </LinkOptions>
   </Target>
 </Targets>
</Makefile>