<?xml version='1.0' encoding="ISO-8859-1" ?>
<Makefile>
<!-- 
  This Makefile.xml is intended to be used with the stylesheet dsp.xml.
  It is built to generate a .dsp outside Visual Studio, with
   the appropriate most common options (files, librairies,...)

  Warnings :
   - .dsp files are very sensitives, any formating error will be fatal
   - only a few options are supported here
   - this is a very testing version
    
  How to use : 
   - for options, create the .dsp you want in Visual Studio, and copy the generated lines there
   - generate a tree.xml file, by hand or using xmlTree.py (see my website)
   - generate the .dsp file with dsp.xsl : 
       xsltproc -o test.dsp dsp.xsl Makefile.xml

  see http://www.via.ecp.fr/~remi/prog/dsp/dsp_en.php3 for more information
  (c) 2003 - R�mi Peyronnet <remi.peyronnet@via.ecp.fr>
-->
 <ProjectName>CNedra</ProjectName>
 <TargetType>"Win32 (x86) Application" 0x0101</TargetType>
 <Roots>
   <Root name="Sources" types="source" basepath="" tree="tree.xml" />
   <Root name="Headers" types="header" basepath="" tree="tree.xml"  />
   <Root name="Other Files" types="file" basepath="" tree="tree.xml" />
 </Roots>
 <!--
  As it seems mandatory ' - Win32' will be put in the TargetName
  The resulting Target Name will be '<ProjectName> - Win32 <Target name="">'
  Custom builds are not supported.
 -->
 <Targets>
   <Current name="Debug" />
   <Common>
   </Common>
   <Target name="Debug">
       <OutputDir>Bin</OutputDir>
       <Debug>1</Debug>
       <CppOptions>
         <GeneralOptions>/nologo /MTd /W3 /GX /ZI /I "." /FI"config.win.h" /FI"assert.h"  /FR /YX /FD /GZ /c</GeneralOptions>
         <Defines>/D "_DEBUG" /D "NO_SOUND" /D "ROOT_CNGL" /D "VIEW_CN3D" /D "VISUAL_CPP" /D "HAVE_LIB3DS"</Defines>
       </CppOptions>
       <LinkOptions>
         <GeneralOptions>/nologo /subsystem:console /debug /machine:I386 /nodefaultlib:"libcd" /nodefaultlib:"msvcrt" /pdbtype:sept</GeneralOptions>
         <Librairies>libjpeg.lib ws2_32.lib opengl32.lib glu32.lib pthread.lib xerces-c_2.lib libpng.lib libz.lib kernel32.lib user32.lib gdi32.lib winspool.lib comdlg32.lib advapi32.lib shell32.lib ole32.lib oleaut32.lib uuid.lib odbc32.lib odbccp32.lib lib3ds-120d.lib </Librairies>
       </LinkOptions>
   </Target>
   <Target name="Release">
       <OutputDir>Bin</OutputDir>
       <Debug>0</Debug>
       <CppOptions>
         <GeneralOptions>/nologo /Zp16 /MTd /W3 /GX /O2 /I "." /FI"assert.h" /FI"config.win.h" /FR /YX /FD /c</GeneralOptions>
         <Defines>/D "NO_SOUND" /D "ROOT_CNGL" /D "VIEW_CN3D" /D "VISUAL_CPP" /D "HAVE_LIB3DS"</Defines>
       </CppOptions>
       <LinkOptions>
         <GeneralOptions>/nologo /subsystem:console /machine:I386 /nodefaultlib:"libcd" /nodefaultlib:"msvcrt" /pdbtype:sept</GeneralOptions>
         <Librairies>libjpeg.lib ws2_32.lib opengl32.lib glu32.lib pthread.lib xerces-c_2.lib libpng.lib libz.lib kernel32.lib user32.lib gdi32.lib winspool.lib comdlg32.lib advapi32.lib shell32.lib ole32.lib oleaut32.lib uuid.lib odbc32.lib odbccp32.lib lib3ds-120d.lib</Librairies>
       </LinkOptions>
   </Target>
 </Targets>
</Makefile>